成交时间,成交品种,下单方向,开平标志,委托价格,成交价格,成交手数,委托单号,成交单号
2020-11-11 21:22:03.000000,rb2101,SELL,CLOSE,3827.0,3827.0,6,       13993,       16223
2020-11-11 21:22:10.000000,rb2101,BUY,OPEN,3828.0,3828.0,1,       14043,       16253
2020-11-11 21:22:13.000000,rb2101,BUY,OPEN,3828.0,3828.0,1,       14059,       16268
2020-11-11 21:22:14.000000,rb2101,BUY,OPEN,3828.0,3828.0,1,       14073,       16296
2020-11-11 21:22:17.000000,rb2101,SELL,OPEN,3827.0,3827.0,1,       14090,       16327
2020-11-11 21:34:56.000000,i2101,SELL,OPEN,834.5,834.5,1,       16643,       21521
2020-11-11 21:34:56.000000,i2101,SELL,OPEN,834.5,834.5,1,       16646,       21528
2020-11-11 21:54:03.000000,rb2101,BUY,OPEN,3831.0,3831.0,3,       25732,       29553
2020-11-11 21:54:15.000000,rb2101,BUY,OPEN,3830.0,3830.0,3,       25834,       29640
2020-11-11 21:54:24.000000,rb2101,BUY,OPEN,3830.0,3830.0,3,       25874,       29658
2020-11-11 22:02:28.000000,rb2101,BUY,OPEN,3830.0,3830.0,12,       29516,       33253
2020-11-11 22:10:54.000000,rb2101,SELL,CLOSE,3830.0,3830.0,24,       32225,       36832
2020-11-11 22:10:58.000000,rb2101,BUY,CLOSE,3831.0,3831.0,1,       32246,       36851
2020-11-11 22:11:00.000000,rb2101,BUY,OPEN,3831.0,3831.0,24,       32257,       36858
2020-11-11 22:11:03.000000,rb2101,SELL,CLOSE,3830.0,3830.0,24,       32288,       36886
2020-11-11 22:11:06.000000,rb2101,SELL,OPEN,3830.0,3830.0,24,       32306,       36907
2020-11-11 22:11:08.000000,rb2101,BUY,CLOSE,3830.0,3830.0,24,       32327,       36929
2020-11-11 22:23:48.000000,i2101,SELL,OPEN,835.0,835.0,1,       39539,       40978
2020-11-11 22:23:53.000000,i2101,SELL,OPEN,835.0,835.0,1,       39558,       41004
2020-11-11 22:34:08.000000,rb2101,BUY,OPEN,3830.0,3830.0,1,       38067,       45944
2020-11-11 22:34:12.000000,rb2101,SELL,OPEN,3829.0,3829.0,1,       38091,       46018
2020-11-11 22:35:46.000000,rb2101,BUY,OPEN,3830.0,3830.0,1,       38776,       47304
2020-11-11 23:35:18.000000,cu2012,BUY,OPEN,51740.0,51740.0,1,       50139,       63501
2020-11-11 23:35:25.000000,cu2012,BUY,OPEN,51750.0,51750.0,1,       50155,       63534
2020-11-11 23:35:33.000000,cu2012,BUY,OPEN,51750.0,51750.0,1,       50171,       63544
2020-11-11 23:37:19.000000,cu2012,BUY,OPEN,51740.0,51740.0,1,       50369,       63679
2020-11-11 23:37:31.000000,cu2012,BUY,OPEN,51750.0,51750.0,1,       50383,       63697
2020-11-11 23:37:41.000000,cu2012,BUY,OPEN,51740.0,51740.0,1,       50394,       63702
2020-11-11 23:37:42.000000,cu2012,BUY,OPEN,51740.0,51740.0,1,       50396,       63703
2020-11-11 23:37:50.000000,cu2012,BUY,OPEN,51740.0,51740.0,1,       50401,       63708
2020-11-11 23:37:56.000000,cu2012,SELL,CLOSE,51730.0,51730.0,1,       50409,       63711
2020-11-11 23:38:00.000000,cu2012,SELL,CLOSE,51730.0,51730.0,1,       50415,       63715
2020-11-11 23:38:01.000000,cu2012,SELL,CLOSE,51730.0,51730.0,1,       50418,       63717
2020-11-11 23:38:02.000000,cu2012,SELL,CLOSE,51730.0,51730.0,1,       50419,       63718
2020-11-11 23:38:02.000000,cu2012,SELL,CLOSE,51730.0,51730.0,1,       50420,       63719
2020-11-11 23:38:23.000000,cu2012,BUY,OPEN,51750.0,51750.0,1,       50474,       63759
2020-11-11 23:38:26.000000,cu2012,BUY,OPEN,51750.0,51750.0,1,       50480,       63763
2020-11-11 23:38:45.000000,cu2012,BUY,OPEN,51740.0,51740.0,1,       50510,       63780
2020-11-11 23:38:51.000000,cu2012,BUY,OPEN,51740.0,51740.0,1,       50540,       63808
2020-11-11 23:39:15.000000,cu2012,SELL,CLOSE,51720.0,51720.0,4,       50612,       63873
2020-11-11 23:39:19.000000,cu2012,SELL,CLOSE,51720.0,51720.0,3,       50617,       63875
2020-11-11 23:39:24.000000,cu2012,BUY,OPEN,51730.0,51730.0,1,       50626,       63886
2020-11-11 23:39:26.000000,cu2012,BUY,OPEN,51730.0,51730.0,1,       50634,       63896
2020-11-11 23:39:28.000000,cu2012,BUY,OPEN,51730.0,51730.0,1,       50636,       63902
2020-11-11 23:39:34.000000,cu2012,SELL,OPEN,51720.0,51720.0,1,       50643,       63907
2020-11-11 23:39:37.000000,cu2012,SELL,OPEN,51720.0,51720.0,1,       50648,       63913
2020-11-11 23:39:40.000000,cu2012,SELL,OPEN,51720.0,51720.0,1,       50649,       63914
2020-11-11 23:39:41.000000,cu2012,SELL,OPEN,51720.0,51720.0,1,       50652,       63918
2020-11-11 23:39:44.000000,cu2012,BUY,OPEN,51730.0,51730.0,1,       50653,       63919
2020-11-11 23:39:51.000000,cu2012,BUY,OPEN,51730.0,51730.0,1,       50656,       63922
2020-11-11 23:39:51.000000,cu2012,BUY,OPEN,51730.0,51730.0,1,       50657,       63923
2020-11-11 23:39:52.000000,cu2012,BUY,OPEN,51730.0,51730.0,1,       50658,       63924
2020-11-11 23:39:52.000000,cu2012,BUY,OPEN,51730.0,51730.0,1,       50659,       63925
2020-11-11 23:39:53.000000,cu2012,BUY,OPEN,51730.0,51730.0,1,       50660,       63926
2020-11-11 23:39:53.000000,cu2012,BUY,OPEN,51730.0,51730.0,1,       50661,       63927
2020-11-11 23:39:55.000000,cu2012,BUY,OPEN,51730.0,51730.0,1,       50666,       63928
2020-11-11 23:39:56.000000,cu2012,BUY,OPEN,51730.0,51730.0,1,       50667,       63929
2020-11-11 23:39:57.000000,cu2012,BUY,OPEN,51730.0,51730.0,1,       50668,       63930
2020-11-11 23:40:07.000000,cu2012,SELL,CLOSE,51730.0,51730.0,10,       50697,       63947
2020-11-11 23:40:16.000000,cu2012,SELL,CLOSE,51730.0,51730.0,3,       50702,       63953
2020-11-11 23:40:20.000000,cu2012,BUY,CLOSE,51740.0,51740.0,4,       50706,       63956
2020-11-11 23:40:21.000000,cu2012,BUY,OPEN,51740.0,51740.0,4,       50709,       63957
2020-11-11 23:40:26.000000,cu2012,BUY,OPEN,51740.0,51740.0,1,       50716,       63959
2020-11-11 23:41:58.000000,cu2012,BUY,OPEN,51750.0,51750.0,1,       51073,       64117
2020-11-11 23:42:17.000000,cu2012,BUY,OPEN,51750.0,51750.0,1,       51175,       64168
2020-11-11 23:42:18.000000,cu2012,BUY,OPEN,51750.0,51750.0,1,       51182,       64176
2020-11-11 23:42:19.000000,cu2012,BUY,OPEN,51750.0,51750.0,1,       51194,       64179
2020-11-11 23:42:19.000000,cu2012,BUY,OPEN,51750.0,51750.0,1,       51201,       64182
2020-11-11 23:42:19.000000,cu2012,BUY,OPEN,51750.0,51750.0,1,       51202,       64183
2020-11-11 23:42:20.000000,cu2012,BUY,OPEN,51750.0,51750.0,1,       51203,       64184
2020-11-11 23:42:20.000000,cu2012,BUY,OPEN,51750.0,51750.0,1,       51206,       64185
2020-11-11 23:42:20.000000,cu2012,BUY,OPEN,51750.0,51750.0,1,       51211,       64188
2020-11-11 23:42:20.000000,cu2012,BUY,OPEN,51750.0,51750.0,1,       51212,       64189
2020-11-11 23:42:20.000000,cu2012,BUY,OPEN,51750.0,51750.0,1,       51213,       64190
2020-11-11 23:47:16.000000,cu2012,SELL,CLOSE,51730.0,51730.0,16,       53374,       65720
2020-11-11 23:47:47.000000,cu2012,BUY,OPEN,51730.0,51730.0,1,       53449,       65748
2020-11-11 23:47:50.000000,cu2012,BUY,OPEN,51730.0,51730.0,1,       53451,       65750
2020-11-11 23:47:52.000000,cu2012,BUY,OPEN,51730.0,51730.0,1,       53452,       65751
2020-11-11 23:47:53.000000,cu2012,BUY,OPEN,51730.0,51730.0,1,       53453,       65752
2020-11-11 23:47:54.000000,cu2012,BUY,OPEN,51730.0,51730.0,1,       53455,       65755
2020-11-11 23:47:55.000000,cu2012,BUY,OPEN,51730.0,51730.0,1,       53460,       65756
2020-11-11 23:48:00.000000,cu2012,BUY,OPEN,51740.0,51740.0,1,       53467,       65763
2020-11-11 23:48:13.000000,cu2012,BUY,OPEN,51750.0,51750.0,1,       53492,       65769
2020-11-11 23:48:18.000000,cu2012,BUY,OPEN,51750.0,51750.0,1,       53497,       65771
2020-11-11 23:48:20.000000,cu2012,BUY,OPEN,51750.0,51750.0,1,       53500,       65772
2020-11-11 23:48:22.000000,cu2012,BUY,OPEN,51750.0,51750.0,1,       53503,       65773
2020-11-11 23:48:24.000000,cu2012,BUY,OPEN,51750.0,51750.0,1,       53506,       65776
2020-11-11 23:48:26.000000,cu2012,BUY,OPEN,51750.0,51750.0,1,       53510,       65780
2020-11-11 23:48:28.000000,cu2012,BUY,OPEN,51750.0,51750.0,1,       53516,       65786
2020-11-11 23:48:29.000000,cu2012,BUY,OPEN,51750.0,51750.0,1,       53519,       65790
2020-11-11 23:48:30.000000,cu2012,SELL,CLOSE,51730.0,51730.0,1,       53520,       65795
2020-11-11 23:48:31.000000,cu2012,SELL,CLOSE,51730.0,51730.0,1,       53522,       65797
2020-11-11 23:48:31.000000,cu2012,SELL,CLOSE,51730.0,51730.0,1,       53523,       65798
2020-11-11 23:48:32.000000,cu2012,SELL,CLOSE,51730.0,51730.0,1,       53524,       65799
2020-11-11 23:48:33.000000,cu2012,SELL,CLOSE,51730.0,51730.0,1,       53525,       65800
2020-11-11 23:49:06.000000,cu2012,BUY,OPEN,51750.0,51750.0,1,       53617,       65873
2020-11-11 23:50:14.000000,cu2012,SELL,CLOSE,51730.0,51730.0,11,       53831,       65950
2020-11-11 23:50:21.000000,cu2012,BUY,OPEN,51740.0,51740.0,1,       53837,       65954
2020-11-11 23:50:23.000000,cu2012,BUY,OPEN,51740.0,51740.0,1,       53838,       65955
2020-11-11 23:50:24.000000,cu2012,BUY,OPEN,51740.0,51740.0,1,       53839,       65956
2020-11-11 23:50:24.000000,cu2012,BUY,OPEN,51740.0,51740.0,1,       53840,       65957
2020-11-11 23:50:24.000000,cu2012,BUY,OPEN,51740.0,51740.0,1,       53842,       65959
2020-11-11 23:50:25.000000,cu2012,BUY,OPEN,51740.0,51740.0,1,       53844,       65961
2020-11-11 23:50:25.000000,cu2012,BUY,OPEN,51740.0,51740.0,1,       53845,       65962
2020-11-11 23:50:26.000000,cu2012,BUY,OPEN,51740.0,51740.0,1,       53848,       65965
2020-11-11 23:50:26.000000,cu2012,BUY,OPEN,51740.0,51740.0,1,       53851,       65968
2020-11-11 23:50:26.000000,cu2012,BUY,OPEN,51740.0,51740.0,1,       53854,       65971
2020-11-11 23:50:27.000000,cu2012,BUY,OPEN,51740.0,51740.0,1,       53856,       65973
2020-11-11 23:50:27.000000,cu2012,BUY,OPEN,51740.0,51740.0,1,       53858,       65975
2020-11-11 23:50:28.000000,cu2012,BUY,OPEN,51740.0,51740.0,1,       53862,       65979
2020-11-11 23:50:29.000000,cu2012,BUY,OPEN,51740.0,51740.0,1,       53864,       65981
2020-11-11 23:50:29.000000,cu2012,BUY,OPEN,51740.0,51740.0,1,       53867,       65984
2020-11-11 23:50:30.000000,cu2012,BUY,OPEN,51740.0,51740.0,1,       53869,       65986
2020-11-11 23:50:30.000000,cu2012,BUY,OPEN,51740.0,51740.0,1,       53871,       65988
2020-11-11 23:50:31.000000,cu2012,BUY,OPEN,51740.0,51740.0,1,       53872,       65989
2020-11-11 23:50:31.000000,cu2012,BUY,OPEN,51740.0,51740.0,1,       53873,       65990
2020-11-11 23:50:32.000000,cu2012,BUY,OPEN,51740.0,51740.0,1,       53874,       65991
2020-11-11 23:50:33.000000,cu2012,BUY,OPEN,51740.0,51740.0,1,       53875,       65992
2020-11-11 23:50:34.000000,cu2012,BUY,OPEN,51740.0,51740.0,1,       53876,       65993
2020-11-11 23:50:34.000000,cu2012,BUY,OPEN,51740.0,51740.0,1,       53877,       65994
2020-11-11 23:50:35.000000,cu2012,BUY,OPEN,51740.0,51740.0,1,       53878,       65995
2020-11-11 23:50:35.000000,cu2012,BUY,OPEN,51740.0,51740.0,1,       53880,       65997
2020-11-11 23:50:36.000000,cu2012,BUY,OPEN,51740.0,51740.0,1,       53882,       65999
2020-11-11 23:50:37.000000,cu2012,BUY,OPEN,51740.0,51740.0,1,       53883,       66000
2020-11-11 23:50:37.000000,cu2012,BUY,OPEN,51740.0,51740.0,1,       53884,       66001
2020-11-11 23:50:38.000000,cu2012,BUY,OPEN,51740.0,51740.0,1,       53887,       66003
2020-11-11 23:50:48.000000,cu2012,SELL,CLOSE,51730.0,51730.0,29,       53895,       66007
2020-11-11 23:50:50.000000,cu2012,BUY,OPEN,51740.0,51740.0,29,       53902,       66012
2020-11-11 23:50:54.000000,cu2012,SELL,CLOSE,51730.0,51730.0,1,       53907,       66016
2020-11-11 23:50:54.000000,cu2012,SELL,CLOSE,51730.0,51730.0,1,       53908,       66017
2020-11-11 23:50:55.000000,cu2012,SELL,CLOSE,51730.0,51730.0,1,       53913,       66018
2020-11-11 23:50:56.000000,cu2012,SELL,CLOSE,51730.0,51730.0,1,       53914,       66019
2020-11-11 23:50:56.000000,cu2012,SELL,CLOSE,51730.0,51730.0,1,       53915,       66020
2020-11-11 23:50:56.000000,cu2012,SELL,CLOSE,51730.0,51730.0,1,       53916,       66021
2020-11-11 23:50:56.000000,cu2012,SELL,CLOSE,51730.0,51730.0,1,       53918,       66023
2020-11-11 23:50:56.000000,cu2012,SELL,CLOSE,51730.0,51730.0,1,       53919,       66024
2020-11-11 23:50:57.000000,cu2012,SELL,CLOSE,51730.0,51730.0,1,       53920,       66025
2020-11-11 23:50:57.000000,cu2012,SELL,CLOSE,51730.0,51730.0,1,       53921,       66026
2020-11-11 23:50:57.000000,cu2012,SELL,CLOSE,51730.0,51730.0,1,       53922,       66027
2020-11-11 23:50:57.000000,cu2012,SELL,CLOSE,51730.0,51730.0,1,       53923,       66028
2020-11-11 23:50:58.000000,cu2012,SELL,CLOSE,51730.0,51730.0,1,       53924,       66029
2020-11-11 23:50:58.000000,cu2012,SELL,CLOSE,51730.0,51730.0,1,       53925,       66030
2020-11-11 23:50:58.000000,cu2012,SELL,CLOSE,51730.0,51730.0,1,       53926,       66031
2020-11-11 23:50:58.000000,cu2012,SELL,CLOSE,51730.0,51730.0,1,       53927,       66032
2020-11-11 23:50:59.000000,cu2012,SELL,CLOSE,51730.0,51730.0,1,       53928,       66033
2020-11-11 23:50:59.000000,cu2012,SELL,CLOSE,51730.0,51730.0,1,       53929,       66034
2020-11-11 23:50:59.000000,cu2012,SELL,CLOSE,51730.0,51730.0,1,       53930,       66035
2020-11-11 23:50:59.000000,cu2012,SELL,CLOSE,51730.0,51730.0,1,       53931,       66036
2020-11-11 23:51:00.000000,cu2012,SELL,CLOSE,51730.0,51730.0,1,       53932,       66037
2020-11-11 23:51:00.000000,cu2012,SELL,CLOSE,51730.0,51730.0,1,       53934,       66039
2020-11-11 23:51:00.000000,cu2012,SELL,CLOSE,51730.0,51730.0,1,       53935,       66040
2020-11-11 23:51:00.000000,cu2012,SELL,CLOSE,51730.0,51730.0,1,       53937,       66042
2020-11-11 23:51:00.000000,cu2012,SELL,CLOSE,51730.0,51730.0,1,       53938,       66043
2020-11-11 23:51:01.000000,cu2012,SELL,CLOSE,51730.0,51730.0,1,       53940,       66044
2020-11-11 23:51:01.000000,cu2012,SELL,CLOSE,51730.0,51730.0,1,       53941,       66045
2020-11-11 23:51:01.000000,cu2012,SELL,CLOSE,51730.0,51730.0,1,       53942,       66046
2020-11-11 23:51:02.000000,cu2012,SELL,CLOSE,51730.0,51730.0,1,       53946,       66049
2020-11-11 23:51:03.000000,cu2012,BUY,OPEN,51740.0,51740.0,1,       53947,       66050
2020-11-11 23:51:04.000000,cu2012,SELL,CLOSE,51730.0,51730.0,1,       53949,       66051
2020-11-12 00:00:10.000000,sc2012,BUY,OPEN,253.70000000000002,253.7,1,         947,       66551
2020-11-12 00:00:57.000000,sc2012,BUY,OPEN,253.5,253.5,1,         974,       66582
2020-11-12 00:01:54.000000,sc2012,BUY,OPEN,253.6,253.6,1,         985,       66614
2020-11-12 00:02:02.000000,sc2012,BUY,OPEN,253.6,253.6,1,         986,       66619
2020-11-12 00:02:05.000000,sc2012,BUY,OPEN,253.5,253.5,1,         987,       66624
2020-11-12 00:02:07.000000,sc2012,BUY,OPEN,253.5,253.5,1,         988,       66626
2020-11-12 00:02:09.000000,sc2012,BUY,OPEN,253.5,253.5,1,         989,       66628
2020-11-12 00:02:09.000000,sc2012,BUY,OPEN,253.4,253.4,1,         990,       66629
2020-11-12 00:02:11.000000,sc2012,BUY,OPEN,253.4,253.4,1,         991,       66630
2020-11-12 00:02:11.000000,sc2012,BUY,OPEN,253.4,253.4,1,         992,       66631
2020-11-12 00:02:11.000000,sc2012,BUY,OPEN,253.4,253.4,1,         993,       66633
2020-11-12 00:02:11.000000,sc2012,BUY,OPEN,253.4,253.4,1,         994,       66634
2020-11-12 00:02:12.000000,sc2012,BUY,OPEN,253.4,253.4,1,         995,       66635
2020-11-12 00:02:12.000000,sc2012,BUY,OPEN,253.4,253.4,1,         996,       66636
2020-11-12 00:02:12.000000,sc2012,BUY,OPEN,253.4,253.4,1,         997,       66637
2020-11-12 00:02:12.000000,sc2012,BUY,OPEN,253.4,253.4,1,         998,       66639
2020-11-12 00:02:13.000000,sc2012,BUY,OPEN,253.4,253.4,1,         999,       66642
2020-11-12 00:02:13.000000,sc2012,BUY,OPEN,253.4,253.4,1,        1000,       66643
2020-11-12 00:02:14.000000,sc2012,BUY,OPEN,253.4,253.4,1,        1001,       66645
2020-11-12 00:02:14.000000,sc2012,BUY,OPEN,253.4,253.4,1,        1002,       66646
2020-11-12 00:02:14.000000,sc2012,BUY,OPEN,253.4,253.4,1,        1003,       66647
2020-11-12 00:02:14.000000,sc2012,BUY,OPEN,253.4,253.4,1,        1004,       66648
2020-11-12 00:02:14.000000,sc2012,BUY,OPEN,253.4,253.4,1,        1005,       66650
2020-11-12 00:02:15.000000,sc2012,BUY,OPEN,253.4,253.4,1,        1006,       66651
2020-11-12 00:02:15.000000,sc2012,BUY,OPEN,253.4,253.4,1,        1007,       66652
2020-11-12 00:02:15.000000,sc2012,BUY,OPEN,253.4,253.4,1,        1008,       66653
2020-11-12 00:02:15.000000,sc2012,BUY,OPEN,253.4,253.4,1,        1009,       66654
2020-11-12 00:02:15.000000,sc2012,BUY,OPEN,253.4,253.4,1,        1010,       66655
2020-11-12 00:02:16.000000,sc2012,BUY,OPEN,253.4,253.4,1,        1011,       66656
2020-11-12 00:02:16.000000,sc2012,BUY,OPEN,253.4,253.4,1,        1012,       66657
2020-11-12 00:02:16.000000,sc2012,BUY,OPEN,253.3,253.3,1,        1013,       66658
2020-11-12 00:02:16.000000,sc2012,BUY,OPEN,253.3,253.3,1,        1014,       66659
2020-11-12 00:02:16.000000,sc2012,BUY,OPEN,253.3,253.3,1,        1015,       66660
2020-11-12 00:02:17.000000,sc2012,BUY,OPEN,253.3,253.3,1,        1016,       66661
2020-11-12 00:02:17.000000,sc2012,BUY,OPEN,253.3,253.3,1,        1017,       66662
2020-11-12 00:02:17.000000,sc2012,BUY,OPEN,253.3,253.3,1,        1018,       66663
2020-11-12 00:02:17.000000,sc2012,BUY,OPEN,253.3,253.3,1,        1019,       66664
2020-11-12 00:02:17.000000,sc2012,BUY,OPEN,253.3,253.3,1,        1020,       66665
2020-11-12 00:02:18.000000,sc2012,BUY,OPEN,253.3,253.3,1,        1021,       66666
2020-11-12 00:02:18.000000,sc2012,BUY,OPEN,253.3,253.3,1,        1022,       66667
2020-11-12 00:02:19.000000,sc2012,BUY,OPEN,253.3,253.3,1,        1023,       66671
2020-11-12 00:02:21.000000,sc2012,BUY,OPEN,253.3,253.3,1,        1024,       66673
2020-11-12 00:02:22.000000,sc2012,BUY,OPEN,253.3,253.3,1,        1025,       66675
2020-11-12 00:02:22.000000,sc2012,BUY,OPEN,253.3,253.3,1,        1026,       66676
2020-11-12 00:02:24.000000,sc2012,BUY,OPEN,253.3,253.3,1,        1027,       66677
2020-11-12 00:02:26.000000,sc2012,BUY,OPEN,253.3,253.3,1,        1028,       66678
2020-11-12 00:02:27.000000,sc2012,BUY,OPEN,253.3,253.3,1,        1029,       66681
2020-11-12 00:02:28.000000,sc2012,BUY,OPEN,253.3,253.3,1,        1030,       66682
2020-11-12 00:02:29.000000,sc2012,BUY,OPEN,253.3,253.3,1,        1031,       66683
2020-11-12 00:02:29.000000,sc2012,BUY,OPEN,253.3,253.3,1,        1032,       66684
2020-11-12 00:02:33.000000,sc2012,SELL,CLOSE,253.20000000000002,253.3,1,        1033,       66688
2020-11-12 00:02:35.000000,sc2012,SELL,CLOSE,253.20000000000002,253.3,1,        1035,       66691
2020-11-12 00:02:35.000000,sc2012,SELL,CLOSE,253.20000000000002,253.3,1,        1036,       66692
2020-11-12 00:02:35.000000,sc2012,SELL,CLOSE,253.20000000000002,253.3,1,        1037,       66693
2020-11-12 00:02:35.000000,sc2012,SELL,CLOSE,253.20000000000002,253.3,1,        1038,       66694
2020-11-12 00:02:35.000000,sc2012,SELL,CLOSE,253.20000000000002,253.3,1,        1039,       66695
2020-11-12 00:02:35.000000,sc2012,SELL,CLOSE,253.20000000000002,253.3,1,        1040,       66696
2020-11-12 00:02:35.000000,sc2012,SELL,CLOSE,253.20000000000002,253.3,1,        1041,       66697
2020-11-12 00:02:35.000000,sc2012,SELL,CLOSE,253.3,253.3,1,        1042,       66698
2020-11-12 00:02:37.000000,sc2012,BUY,OPEN,253.4,253.4,1,        1044,       66702
2020-11-12 00:02:47.000000,sc2012,BUY,OPEN,253.5,253.5,1,        1048,       66705
2020-11-12 00:02:49.000000,sc2012,BUY,OPEN,253.4,253.4,1,        1050,       66710
2020-11-12 00:02:49.000000,sc2012,BUY,OPEN,253.4,253.4,1,        1051,       66711
2020-11-12 00:02:50.000000,sc2012,SELL,CLOSE,253.3,253.3,1,        1052,       66712
2020-11-12 00:02:50.000000,sc2012,SELL,CLOSE,253.3,253.3,1,        1053,       66713
2020-11-12 00:02:51.000000,sc2012,SELL,CLOSE,253.3,253.3,1,        1054,       66714
2020-11-12 00:03:00.000000,sc2012,SELL,CLOSE,253.20000000000002,253.3,1,        1055,       66723
2020-11-12 00:03:00.000000,sc2012,SELL,CLOSE,253.20000000000002,253.3,1,        1056,       66724
2020-11-12 00:03:00.000000,sc2012,SELL,CLOSE,253.20000000000002,253.3,1,        1057,       66725
2020-11-12 00:03:00.000000,sc2012,SELL,CLOSE,253.20000000000002,253.3,1,        1058,       66726
2020-11-12 00:03:00.000000,sc2012,SELL,CLOSE,253.20000000000002,253.3,1,        1059,       66727
2020-11-12 00:03:00.000000,sc2012,SELL,CLOSE,253.20000000000002,253.3,1,        1060,       66728
2020-11-12 00:03:00.000000,sc2012,SELL,CLOSE,253.20000000000002,253.3,1,        1061,       66729
2020-11-12 00:03:00.000000,sc2012,SELL,CLOSE,253.20000000000002,253.3,1,        1062,       66730
2020-11-12 00:03:00.000000,sc2012,SELL,CLOSE,253.20000000000002,253.3,1,        1063,       66731
2020-11-12 00:03:00.000000,sc2012,SELL,CLOSE,253.20000000000002,253.3,1,        1064,       66732
2020-11-12 00:03:00.000000,sc2012,SELL,CLOSE,253.20000000000002,253.3,1,        1065,       66733
2020-11-12 00:03:00.000000,sc2012,SELL,CLOSE,253.20000000000002,253.3,1,        1066,       66734
2020-11-12 00:03:00.000000,sc2012,SELL,CLOSE,253.20000000000002,253.3,1,        1067,       66735
2020-11-12 00:03:00.000000,sc2012,SELL,CLOSE,253.20000000000002,253.3,1,        1068,       66736
2020-11-12 00:03:00.000000,sc2012,SELL,CLOSE,253.20000000000002,253.3,1,        1069,       66737
2020-11-12 00:03:00.000000,sc2012,SELL,CLOSE,253.20000000000002,253.3,1,        1070,       66738
2020-11-12 00:03:00.000000,sc2012,SELL,CLOSE,253.20000000000002,253.3,1,        1071,       66739
2020-11-12 00:03:00.000000,sc2012,SELL,CLOSE,253.20000000000002,253.3,1,        1072,       66740
2020-11-12 00:03:00.000000,sc2012,SELL,CLOSE,253.20000000000002,253.3,1,        1073,       66741
2020-11-12 00:03:00.000000,sc2012,SELL,CLOSE,253.20000000000002,253.3,1,        1074,       66742
2020-11-12 00:03:00.000000,sc2012,SELL,CLOSE,253.20000000000002,253.3,1,        1075,       66743
2020-11-12 00:03:00.000000,sc2012,SELL,CLOSE,253.20000000000002,253.3,1,        1076,       66744
2020-11-12 00:03:06.000000,sc2012,BUY,OPEN,253.3,253.3,1,        1079,       66749
2020-11-12 00:03:09.000000,sc2012,BUY,OPEN,253.20000000000002,253.2,1,        1080,       66750
2020-11-12 00:03:10.000000,sc2012,BUY,OPEN,253.3,253.3,1,        1081,       66752
2020-11-12 00:03:11.000000,sc2012,SELL,CLOSE,253.1,253.1,1,        1082,       66757
2020-11-12 00:03:12.000000,sc2012,SELL,CLOSE,253.1,253.1,1,        1083,       66758
2020-11-12 00:03:12.000000,sc2012,SELL,CLOSE,253.1,253.1,1,        1084,       66760
2020-11-12 00:03:13.000000,sc2012,SELL,CLOSE,253.1,253.1,1,        1085,       66761
2020-11-12 00:03:13.000000,sc2012,SELL,CLOSE,253.1,253.1,1,        1086,       66762
2020-11-12 00:03:14.000000,sc2012,SELL,CLOSE,253.0,253.0,1,        1087,       66763
2020-11-12 00:03:14.000000,sc2012,SELL,CLOSE,253.0,253.0,1,        1088,       66764
2020-11-12 00:03:15.000000,sc2012,SELL,CLOSE,253.0,253.0,1,        1089,       66766
2020-11-12 00:03:16.000000,sc2012,SELL,CLOSE,252.9,252.9,1,        1092,       66769
2020-11-12 00:03:16.000000,sc2012,SELL,CLOSE,253.1,253.1,1,        1093,       66770
2020-11-12 00:03:17.000000,sc2012,SELL,CLOSE,253.0,253.0,1,        1094,       66772
2020-11-12 00:03:17.000000,sc2012,SELL,CLOSE,253.0,253.0,1,        1095,       66773
2020-11-12 00:03:18.000000,sc2012,SELL,CLOSE,253.1,253.1,1,        1096,       66774
2020-11-12 00:03:19.000000,sc2012,BUY,OPEN,253.20000000000002,253.2,1,        1097,       66776
2020-11-12 00:03:20.000000,sc2012,BUY,OPEN,253.20000000000002,253.2,1,        1098,       66778
2020-11-12 00:03:21.000000,sc2012,BUY,OPEN,253.1,253.1,1,        1099,       66780
2020-11-12 00:03:23.000000,sc2012,BUY,OPEN,253.20000000000002,253.2,1,        1101,       66783
2020-11-12 00:06:09.000000,sc2012,BUY,OPEN,253.5,253.5,1,        1117,       67044
2020-11-12 00:06:09.000000,sc2012,BUY,OPEN,253.5,253.5,1,        1118,       67045
2020-11-12 00:06:10.000000,sc2012,BUY,OPEN,253.5,253.5,1,        1119,       67046
2020-11-12 00:06:12.000000,sc2012,BUY,OPEN,253.4,253.4,1,        1120,       67047
2020-11-12 00:06:13.000000,sc2012,BUY,OPEN,253.4,253.4,1,        1121,       67050
2020-11-12 00:06:13.000000,sc2012,BUY,OPEN,253.4,253.4,1,        1122,       67051
2020-11-12 00:06:13.000000,sc2012,BUY,OPEN,253.4,253.4,1,        1123,       67052
2020-11-12 00:06:13.000000,sc2012,BUY,OPEN,253.4,253.4,1,        1124,       67053
2020-11-12 00:06:14.000000,sc2012,BUY,OPEN,253.4,253.4,1,        1125,       67054
2020-11-12 00:06:14.000000,sc2012,BUY,OPEN,253.4,253.4,1,        1126,       67055
2020-11-12 00:06:14.000000,sc2012,BUY,OPEN,253.4,253.4,1,        1127,       67056
2020-11-12 00:06:17.000000,sc2012,BUY,OPEN,253.6,253.6,1,        1128,       67060
2020-11-12 00:06:18.000000,sc2012,BUY,OPEN,253.6,253.6,1,        1129,       67061
2020-11-12 00:06:18.000000,sc2012,BUY,OPEN,253.6,253.6,1,        1130,       67062
2020-11-12 00:06:18.000000,sc2012,BUY,OPEN,253.6,253.6,1,        1131,       67063
2020-11-12 00:06:18.000000,sc2012,BUY,OPEN,253.6,253.6,1,        1132,       67064
2020-11-12 00:06:18.000000,sc2012,BUY,OPEN,253.6,253.6,1,        1133,       67065
2020-11-12 00:06:23.000000,sc2012,BUY,OPEN,253.5,253.5,1,        1134,       67070
2020-11-12 00:06:24.000000,sc2012,BUY,OPEN,253.5,253.5,1,        1135,       67071
2020-11-12 00:06:24.000000,sc2012,BUY,OPEN,253.5,253.5,1,        1136,       67072
2020-11-12 00:06:24.000000,sc2012,BUY,OPEN,253.5,253.5,1,        1137,       67073
2020-11-12 00:06:24.000000,sc2012,BUY,OPEN,253.5,253.5,1,        1138,       67074
2020-11-12 00:06:24.000000,sc2012,BUY,OPEN,253.5,253.5,1,        1139,       67075
2020-11-12 00:06:24.000000,sc2012,BUY,OPEN,253.5,253.5,1,        1140,       67076
2020-11-12 00:06:29.000000,sc2012,BUY,OPEN,253.6,253.6,1,        1141,       67077
2020-11-12 00:06:29.000000,sc2012,BUY,OPEN,253.6,253.6,1,        1142,       67078
2020-11-12 00:06:30.000000,sc2012,BUY,OPEN,253.6,253.6,1,        1143,       67079
2020-11-12 00:06:30.000000,sc2012,BUY,OPEN,253.6,253.6,1,        1144,       67080
2020-11-12 00:06:30.000000,sc2012,BUY,OPEN,253.6,253.6,1,        1145,       67081
2020-11-12 00:06:30.000000,sc2012,BUY,OPEN,253.6,253.6,1,        1146,       67082
2020-11-12 00:06:30.000000,sc2012,BUY,OPEN,253.6,253.6,1,        1147,       67083
2020-11-12 00:06:31.000000,sc2012,BUY,OPEN,253.6,253.6,1,        1148,       67084
2020-11-12 00:06:32.000000,sc2012,BUY,OPEN,253.6,253.6,1,        1149,       67085
2020-11-12 00:06:32.000000,sc2012,BUY,OPEN,253.6,253.6,1,        1150,       67086
2020-11-12 00:06:32.000000,sc2012,BUY,OPEN,253.6,253.6,1,        1151,       67087
2020-11-12 00:06:33.000000,sc2012,BUY,OPEN,253.6,253.6,1,        1152,       67088
2020-11-12 00:06:33.000000,sc2012,BUY,OPEN,253.6,253.6,1,        1153,       67093
2020-11-12 00:06:33.000000,sc2012,BUY,OPEN,253.6,253.6,1,        1154,       67094
2020-11-12 00:06:36.000000,sc2012,SELL,CLOSE,253.5,253.5,1,        1155,       67097
2020-11-12 00:06:37.000000,sc2012,SELL,CLOSE,253.5,253.5,1,        1156,       67098
2020-11-12 00:06:37.000000,sc2012,SELL,CLOSE,253.5,253.5,1,        1157,       67099
2020-11-12 00:06:37.000000,sc2012,SELL,CLOSE,253.5,253.5,1,        1158,       67100
2020-11-12 00:06:37.000000,sc2012,SELL,CLOSE,253.5,253.5,1,        1159,       67101
2020-11-12 00:06:37.000000,sc2012,SELL,CLOSE,253.5,253.5,1,        1160,       67102
2020-11-12 00:06:38.000000,sc2012,SELL,CLOSE,253.5,253.5,1,        1161,       67103
2020-11-12 00:06:38.000000,sc2012,SELL,CLOSE,253.5,253.5,1,        1162,       67104
2020-11-12 00:06:38.000000,sc2012,SELL,CLOSE,253.5,253.5,1,        1163,       67105
2020-11-12 00:06:38.000000,sc2012,SELL,CLOSE,253.5,253.5,1,        1164,       67106
2020-11-12 00:06:38.000000,sc2012,SELL,CLOSE,253.5,253.5,1,        1165,       67107
2020-11-12 00:06:39.000000,sc2012,SELL,CLOSE,253.5,253.5,1,        1166,       67108
2020-11-12 00:06:39.000000,sc2012,SELL,CLOSE,253.5,253.5,1,        1167,       67109
2020-11-12 00:06:39.000000,sc2012,SELL,CLOSE,253.5,253.5,1,        1168,       67110
2020-11-12 00:06:39.000000,sc2012,SELL,CLOSE,253.5,253.5,1,        1169,       67111
2020-11-12 00:06:39.000000,sc2012,SELL,CLOSE,253.5,253.5,1,        1170,       67112
2020-11-12 00:06:40.000000,sc2012,SELL,CLOSE,253.5,253.5,1,        1171,       67113
2020-11-12 00:06:40.000000,sc2012,SELL,CLOSE,253.5,253.5,1,        1172,       67114
2020-11-12 00:06:40.000000,sc2012,SELL,CLOSE,253.5,253.5,1,        1173,       67115
2020-11-12 00:06:40.000000,sc2012,SELL,CLOSE,253.5,253.5,1,        1174,       67116
2020-11-12 00:06:40.000000,sc2012,SELL,CLOSE,253.5,253.5,1,        1175,       67117
2020-11-12 00:06:41.000000,sc2012,SELL,CLOSE,253.5,253.5,1,        1176,       67118
2020-11-12 00:06:41.000000,sc2012,SELL,CLOSE,253.5,253.5,1,        1177,       67119
2020-11-12 00:06:41.000000,sc2012,SELL,CLOSE,253.5,253.5,1,        1178,       67120
2020-11-12 00:06:41.000000,sc2012,SELL,CLOSE,253.5,253.5,1,        1179,       67121
2020-11-12 00:06:41.000000,sc2012,SELL,CLOSE,253.5,253.5,1,        1180,       67122
2020-11-12 00:06:42.000000,sc2012,SELL,CLOSE,253.5,253.5,1,        1181,       67123
2020-11-12 00:06:42.000000,sc2012,SELL,CLOSE,253.5,253.5,1,        1182,       67124
2020-11-12 00:06:42.000000,sc2012,SELL,CLOSE,253.5,253.5,1,        1183,       67125
2020-11-12 00:06:45.000000,sc2012,BUY,OPEN,253.6,253.6,1,        1184,       67128
2020-11-12 00:06:47.000000,sc2012,BUY,OPEN,253.5,253.5,1,        1185,       67129
2020-11-12 00:06:49.000000,sc2012,BUY,OPEN,253.5,253.5,1,        1186,       67130
2020-11-12 00:06:50.000000,sc2012,BUY,OPEN,253.5,253.5,1,        1187,       67131
2020-11-12 00:06:50.000000,sc2012,BUY,OPEN,253.5,253.5,1,        1188,       67132
2020-11-12 00:06:50.000000,sc2012,BUY,OPEN,253.5,253.5,1,        1189,       67133
2020-11-12 00:06:53.000000,sc2012,BUY,OPEN,253.5,253.5,1,        1190,       67134
2020-11-12 00:06:53.000000,sc2012,BUY,OPEN,253.5,253.5,1,        1191,       67136
2020-11-12 00:06:53.000000,sc2012,BUY,OPEN,253.5,253.5,1,        1192,       67137
2020-11-12 00:06:53.000000,sc2012,BUY,OPEN,253.5,253.5,1,        1193,       67138
2020-11-12 00:06:55.000000,sc2012,BUY,OPEN,253.5,253.5,1,        1194,       67139
2020-11-12 00:06:55.000000,sc2012,BUY,OPEN,253.5,253.5,1,        1195,       67140
2020-11-12 00:06:55.000000,sc2012,BUY,OPEN,253.5,253.5,1,        1196,       67141
2020-11-12 00:06:55.000000,sc2012,BUY,OPEN,253.5,253.5,1,        1197,       67142
2020-11-12 00:06:55.000000,sc2012,BUY,OPEN,253.5,253.5,1,        1198,       67143
2020-11-12 00:06:56.000000,sc2012,BUY,OPEN,253.5,253.5,1,        1199,       67144
2020-11-12 00:06:56.000000,sc2012,BUY,OPEN,253.5,253.5,1,        1200,       67145
2020-11-12 00:06:56.000000,sc2012,BUY,OPEN,253.5,253.5,1,        1201,       67146
2020-11-12 00:06:56.000000,sc2012,BUY,OPEN,253.5,253.5,1,        1202,       67147
2020-11-12 00:06:56.000000,sc2012,BUY,OPEN,253.4,253.4,1,        1203,       67148
2020-11-12 00:06:57.000000,sc2012,BUY,OPEN,253.4,253.4,1,        1204,       67149
2020-11-12 00:06:57.000000,sc2012,BUY,OPEN,253.4,253.4,1,        1205,       67150
2020-11-12 00:07:02.000000,sc2012,BUY,OPEN,253.5,253.5,1,        1206,       67167
2020-11-12 00:07:03.000000,sc2012,BUY,OPEN,253.5,253.5,1,        1207,       67168
2020-11-12 00:07:03.000000,sc2012,BUY,OPEN,253.5,253.4,1,        1208,       67169
2020-11-12 00:07:03.000000,sc2012,BUY,OPEN,253.4,253.4,1,        1209,       67170
2020-11-12 00:07:03.000000,sc2012,BUY,OPEN,253.4,253.4,1,        1210,       67171
2020-11-12 00:07:03.000000,sc2012,BUY,OPEN,253.5,253.5,1,        1211,       67173
2020-11-12 00:07:04.000000,sc2012,BUY,OPEN,253.5,253.5,1,        1212,       67176
2020-11-12 00:07:04.000000,sc2012,BUY,OPEN,253.4,253.4,1,        1213,       67177
2020-11-12 00:07:10.000000,sc2012,SELL,CLOSE,253.4,253.4,1,        1214,       67188
2020-11-12 00:07:11.000000,sc2012,SELL,CLOSE,253.4,253.4,1,        1215,       67190
2020-11-12 00:07:11.000000,sc2012,SELL,CLOSE,253.4,253.4,1,        1216,       67191
2020-11-12 00:07:11.000000,sc2012,SELL,CLOSE,253.4,253.4,1,        1217,       67193
2020-11-12 00:07:11.000000,sc2012,SELL,CLOSE,253.4,253.4,1,        1218,       67194
2020-11-12 00:07:11.000000,sc2012,SELL,CLOSE,253.4,253.4,1,        1219,       67195
2020-11-12 00:07:12.000000,sc2012,SELL,CLOSE,253.4,253.4,1,        1220,       67197
2020-11-12 00:07:12.000000,sc2012,SELL,CLOSE,253.4,253.4,1,        1221,       67198
2020-11-12 00:07:12.000000,sc2012,SELL,CLOSE,253.4,253.4,1,        1222,       67199
2020-11-12 00:07:12.000000,sc2012,SELL,CLOSE,253.4,253.4,1,        1223,       67201
2020-11-12 00:07:12.000000,sc2012,SELL,CLOSE,253.4,253.4,1,        1224,       67202
2020-11-12 00:07:13.000000,sc2012,SELL,CLOSE,253.4,253.4,1,        1225,       67203
2020-11-12 00:07:13.000000,sc2012,SELL,CLOSE,253.4,253.4,1,        1226,       67204
2020-11-12 00:07:13.000000,sc2012,SELL,CLOSE,253.4,253.4,1,        1227,       67207
2020-11-12 00:07:13.000000,sc2012,SELL,CLOSE,253.4,253.4,1,        1228,       67209
2020-11-12 00:07:13.000000,sc2012,SELL,CLOSE,253.4,253.4,1,        1229,       67210
2020-11-12 00:07:14.000000,sc2012,SELL,CLOSE,253.4,253.4,1,        1230,       67211
2020-11-12 00:07:14.000000,sc2012,SELL,CLOSE,253.4,253.4,1,        1231,       67212
2020-11-12 00:07:14.000000,sc2012,SELL,CLOSE,253.4,253.4,1,        1232,       67213
2020-11-12 00:07:14.000000,sc2012,SELL,CLOSE,253.4,253.4,1,        1233,       67214
2020-11-12 00:07:14.000000,sc2012,SELL,CLOSE,253.4,253.4,1,        1234,       67215
2020-11-12 00:07:15.000000,sc2012,SELL,CLOSE,253.4,253.4,1,        1235,       67216
2020-11-12 00:07:15.000000,sc2012,SELL,CLOSE,253.4,253.4,1,        1236,       67217
2020-11-12 00:07:15.000000,sc2012,SELL,CLOSE,253.4,253.4,1,        1237,       67218
2020-11-12 00:07:15.000000,sc2012,SELL,CLOSE,253.4,253.4,1,        1238,       67219
2020-11-12 00:07:15.000000,sc2012,SELL,CLOSE,253.4,253.4,1,        1239,       67220
2020-11-12 00:07:15.000000,sc2012,SELL,CLOSE,253.4,253.4,1,        1240,       67221
2020-11-12 00:07:16.000000,sc2012,SELL,CLOSE,253.4,253.4,1,        1241,       67224
2020-11-12 00:07:16.000000,sc2012,SELL,CLOSE,253.4,253.4,1,        1242,       67225
2020-11-12 00:07:16.000000,sc2012,SELL,CLOSE,253.4,253.4,1,        1243,       67226
2020-11-12 00:07:16.000000,sc2012,SELL,CLOSE,253.4,253.4,1,        1244,       67228
2020-11-12 00:07:16.000000,sc2012,SELL,CLOSE,253.4,253.4,1,        1245,       67229
2020-11-12 00:07:17.000000,sc2012,SELL,CLOSE,253.4,253.4,1,        1246,       67231
2020-11-12 00:07:17.000000,sc2012,SELL,CLOSE,253.4,253.4,1,        1247,       67232
2020-11-12 00:07:17.000000,sc2012,SELL,CLOSE,253.4,253.4,1,        1248,       67233
2020-11-12 00:07:17.000000,sc2012,SELL,CLOSE,253.4,253.4,1,        1249,       67235
2020-11-12 00:07:17.000000,sc2012,SELL,CLOSE,253.4,253.4,1,        1250,       67236
2020-11-12 00:07:18.000000,sc2012,SELL,CLOSE,253.4,253.4,1,        1251,       67237
2020-11-12 00:07:18.000000,sc2012,SELL,CLOSE,253.4,253.4,1,        1252,       67238
2020-11-12 00:07:18.000000,sc2012,SELL,CLOSE,253.4,253.4,1,        1253,       67239
2020-11-12 00:07:18.000000,sc2012,SELL,CLOSE,253.4,253.4,1,        1254,       67240
2020-11-12 00:07:19.000000,sc2012,BUY,OPEN,253.5,253.5,1,        1255,       67241
2020-11-12 00:10:33.000000,sc2012,SELL,CLOSE,253.5,253.5,13,        1281,       67422
2020-11-12 00:10:40.000000,sc2012,BUY,OPEN,253.6,253.6,1,        1287,       67430
2020-11-12 00:10:41.000000,sc2012,BUY,OPEN,253.70000000000002,253.7,1,        1289,       67431
2020-11-12 00:10:41.000000,sc2012,BUY,OPEN,253.6,253.6,1,        1288,       67432
2020-11-12 00:10:41.000000,sc2012,BUY,OPEN,253.6,253.6,1,        1290,       67433
2020-11-12 00:10:42.000000,sc2012,BUY,OPEN,253.6,253.6,1,        1291,       67434
2020-11-12 00:10:42.000000,sc2012,BUY,OPEN,253.6,253.6,1,        1292,       67435
2020-11-12 00:10:43.000000,sc2012,BUY,OPEN,253.70000000000002,253.7,1,        1293,       67436
2020-11-12 00:10:43.000000,sc2012,BUY,OPEN,253.70000000000002,253.7,1,        1294,       67437
2020-11-12 00:10:43.000000,sc2012,BUY,OPEN,253.70000000000002,253.7,1,        1295,       67438
2020-11-12 00:10:43.000000,sc2012,BUY,OPEN,253.70000000000002,253.7,1,        1296,       67439
2020-11-12 00:10:44.000000,sc2012,BUY,OPEN,253.70000000000002,253.7,1,        1297,       67440
2020-11-12 00:10:44.000000,sc2012,BUY,OPEN,253.70000000000002,253.7,1,        1298,       67441
2020-11-12 00:10:44.000000,sc2012,BUY,OPEN,253.70000000000002,253.7,1,        1299,       67442
2020-11-12 00:10:44.000000,sc2012,BUY,OPEN,253.70000000000002,253.7,1,        1300,       67443
2020-11-12 00:10:44.000000,sc2012,BUY,OPEN,253.6,253.6,1,        1301,       67444
2020-11-12 00:10:45.000000,sc2012,BUY,OPEN,253.6,253.6,1,        1302,       67445
2020-11-12 00:10:45.000000,sc2012,BUY,OPEN,253.6,253.6,1,        1303,       67446
2020-11-12 00:10:45.000000,sc2012,BUY,OPEN,253.6,253.6,1,        1304,       67447
2020-11-12 00:10:45.000000,sc2012,BUY,OPEN,253.6,253.6,1,        1305,       67448
2020-11-12 00:10:45.000000,sc2012,BUY,OPEN,253.6,253.6,1,        1306,       67449
2020-11-12 00:10:46.000000,sc2012,BUY,OPEN,253.6,253.6,1,        1307,       67450
2020-11-12 00:10:46.000000,sc2012,BUY,OPEN,253.6,253.6,1,        1308,       67451
2020-11-12 00:10:46.000000,sc2012,BUY,OPEN,253.6,253.6,1,        1309,       67452
2020-11-12 00:10:46.000000,sc2012,BUY,OPEN,253.6,253.6,1,        1310,       67453
2020-11-12 00:10:46.000000,sc2012,BUY,OPEN,253.6,253.6,1,        1311,       67454
2020-11-12 00:10:47.000000,sc2012,BUY,OPEN,253.6,253.6,1,        1312,       67456
2020-11-12 00:10:47.000000,sc2012,BUY,OPEN,253.6,253.6,1,        1313,       67457
2020-11-12 00:10:47.000000,sc2012,BUY,OPEN,253.6,253.6,1,        1314,       67458
2020-11-12 00:10:47.000000,sc2012,BUY,OPEN,253.6,253.6,1,        1315,       67459
2020-11-12 00:10:47.000000,sc2012,BUY,OPEN,253.6,253.6,1,        1316,       67460
2020-11-12 00:10:53.000000,sc2012,BUY,OPEN,253.70000000000002,253.7,1,        1317,       67462
2020-11-12 00:10:53.000000,sc2012,BUY,OPEN,253.70000000000002,253.7,1,        1318,       67463
2020-11-12 00:10:53.000000,sc2012,BUY,OPEN,253.70000000000002,253.7,1,        1319,       67464
2020-11-12 00:10:54.000000,sc2012,BUY,OPEN,253.70000000000002,253.7,1,        1320,       67465
2020-11-12 00:10:54.000000,sc2012,BUY,OPEN,253.70000000000002,253.7,1,        1321,       67466
2020-11-12 00:10:54.000000,sc2012,BUY,OPEN,253.70000000000002,253.7,1,        1322,       67468
2020-11-12 00:10:54.000000,sc2012,BUY,OPEN,253.70000000000002,253.7,1,        1323,       67469
2020-11-12 00:10:54.000000,sc2012,BUY,OPEN,253.70000000000002,253.7,1,        1324,       67471
2020-11-12 00:10:55.000000,sc2012,BUY,OPEN,253.70000000000002,253.7,1,        1325,       67472
2020-11-12 00:10:55.000000,sc2012,BUY,OPEN,253.70000000000002,253.7,1,        1326,       67473
2020-11-12 00:10:55.000000,sc2012,BUY,OPEN,253.70000000000002,253.7,1,        1327,       67474
2020-11-12 00:10:55.000000,sc2012,BUY,OPEN,253.70000000000002,253.7,1,        1328,       67475
2020-11-12 00:10:55.000000,sc2012,BUY,OPEN,253.70000000000002,253.7,1,        1329,       67476
2020-11-12 00:10:56.000000,sc2012,BUY,OPEN,253.70000000000002,253.7,1,        1330,       67477
2020-11-12 00:10:56.000000,sc2012,BUY,OPEN,253.70000000000002,253.7,1,        1331,       67478
2020-11-12 00:10:56.000000,sc2012,BUY,OPEN,253.70000000000002,253.7,1,        1332,       67479
2020-11-12 00:10:56.000000,sc2012,BUY,OPEN,253.70000000000002,253.7,1,        1333,       67480
2020-11-12 00:10:57.000000,sc2012,BUY,OPEN,253.70000000000002,253.7,1,        1334,       67481
2020-11-12 00:11:14.000000,sc2012,BUY,OPEN,253.70000000000002,253.7,1,        1335,       67498
2020-11-12 00:11:14.000000,sc2012,BUY,OPEN,253.70000000000002,253.7,1,        1336,       67499
2020-11-12 00:11:14.000000,sc2012,BUY,OPEN,253.70000000000002,253.7,1,        1337,       67502
2020-11-12 00:11:14.000000,sc2012,BUY,OPEN,253.70000000000002,253.7,1,        1338,       67503
2020-11-12 00:11:15.000000,sc2012,BUY,OPEN,253.70000000000002,253.7,1,        1339,       67505
2020-11-12 00:11:15.000000,sc2012,BUY,OPEN,253.70000000000002,253.7,1,        1340,       67507
2020-11-12 00:11:15.000000,sc2012,BUY,OPEN,253.70000000000002,253.7,1,        1341,       67508
2020-11-12 00:11:15.000000,sc2012,BUY,OPEN,253.70000000000002,253.7,1,        1342,       67509
2020-11-12 00:11:15.000000,sc2012,BUY,OPEN,253.70000000000002,253.7,1,        1343,       67510
2020-11-12 00:11:15.000000,sc2012,BUY,OPEN,253.70000000000002,253.7,1,        1344,       67513
2020-11-12 00:11:16.000000,sc2012,BUY,OPEN,253.70000000000002,253.7,1,        1345,       67514
2020-11-12 00:11:16.000000,sc2012,BUY,OPEN,253.70000000000002,253.7,1,        1346,       67515
2020-11-12 00:11:16.000000,sc2012,BUY,OPEN,253.70000000000002,253.7,1,        1347,       67516
2020-11-12 00:11:16.000000,sc2012,BUY,OPEN,253.70000000000002,253.7,1,        1348,       67518
2020-11-12 00:11:16.000000,sc2012,BUY,OPEN,253.70000000000002,253.7,1,        1349,       67519
2020-11-12 00:11:17.000000,sc2012,BUY,OPEN,253.70000000000002,253.7,1,        1350,       67521
2020-11-12 00:11:17.000000,sc2012,BUY,OPEN,253.70000000000002,253.7,1,        1351,       67522
2020-11-12 00:11:17.000000,sc2012,BUY,OPEN,253.70000000000002,253.7,1,        1352,       67523
2020-11-12 00:11:17.000000,sc2012,BUY,OPEN,253.70000000000002,253.7,1,        1353,       67525
2020-11-12 00:11:17.000000,sc2012,BUY,OPEN,253.70000000000002,253.7,1,        1354,       67526
2020-11-12 00:11:18.000000,sc2012,BUY,OPEN,253.70000000000002,253.7,1,        1355,       67527
2020-11-12 00:11:18.000000,sc2012,BUY,OPEN,253.70000000000002,253.7,1,        1356,       67528
2020-11-12 00:11:18.000000,sc2012,BUY,OPEN,253.70000000000002,253.7,1,        1357,       67529
2020-11-12 00:11:36.000000,sc2012,SELL,CLOSE,253.6,253.6,71,        1359,       67545
2020-11-12 00:24:30.000000,sc2012,BUY,OPEN,253.5,253.5,1,        1406,       69429
2020-11-12 00:24:36.000000,sc2012,BUY,OPEN,253.5,253.5,1,        1407,       69431
2020-11-12 00:24:38.000000,sc2012,BUY,OPEN,253.5,253.5,1,        1408,       69433
2020-11-12 00:24:40.000000,sc2012,BUY,OPEN,253.5,253.5,1,        1409,       69436
2020-11-12 00:24:42.000000,sc2012,BUY,OPEN,253.5,253.5,1,        1410,       69437
2020-11-12 00:24:43.000000,sc2012,BUY,OPEN,253.5,253.5,1,        1411,       69439
2020-11-12 00:24:45.000000,sc2012,BUY,OPEN,253.5,253.5,1,        1412,       69442
2020-11-12 00:24:46.000000,sc2012,BUY,OPEN,253.5,253.5,1,        1413,       69443
2020-11-12 00:24:47.000000,sc2012,BUY,OPEN,253.5,253.5,1,        1414,       69444
2020-11-12 00:24:49.000000,sc2012,BUY,OPEN,253.5,253.5,1,        1415,       69445
2020-11-12 00:24:50.000000,sc2012,BUY,OPEN,253.5,253.5,1,        1416,       69446
2020-11-12 00:24:51.000000,sc2012,BUY,OPEN,253.5,253.5,1,        1417,       69447
2020-11-12 00:24:52.000000,sc2012,BUY,OPEN,253.5,253.5,1,        1418,       69448
2020-11-12 00:24:55.000000,sc2012,BUY,OPEN,253.5,253.5,1,        1419,       69449
2020-11-12 00:24:57.000000,sc2012,BUY,OPEN,253.4,253.4,1,        1420,       69450
2020-11-12 00:25:00.000000,sc2012,BUY,OPEN,253.4,253.4,1,        1421,       69456
2020-11-12 00:25:02.000000,sc2012,BUY,OPEN,253.4,253.4,1,        1422,       69464
2020-11-12 00:25:04.000000,sc2012,BUY,OPEN,253.4,253.4,1,        1423,       69467
2020-11-12 00:25:06.000000,sc2012,BUY,OPEN,253.4,253.4,1,        1424,       69469
2020-11-12 00:25:08.000000,sc2012,BUY,OPEN,253.5,253.5,1,        1425,       69470
2020-11-12 00:25:12.000000,sc2012,BUY,OPEN,253.5,253.5,1,        1426,       69473
2020-11-12 00:25:14.000000,sc2012,BUY,OPEN,253.5,253.5,1,        1427,       69478
2020-11-12 00:25:17.000000,sc2012,BUY,OPEN,253.5,253.5,1,        1429,       69486
2020-11-12 00:25:18.000000,sc2012,BUY,OPEN,253.5,253.5,1,        1430,       69489
2020-11-12 00:25:19.000000,sc2012,BUY,OPEN,253.5,253.5,1,        1431,       69492
2020-11-12 00:25:20.000000,sc2012,BUY,OPEN,253.5,253.5,1,        1432,       69495
2020-11-12 00:25:21.000000,sc2012,BUY,OPEN,253.5,253.5,1,        1433,       69499
2020-11-12 00:25:22.000000,sc2012,BUY,OPEN,253.5,253.5,1,        1434,       69502
2020-11-12 00:25:23.000000,sc2012,BUY,OPEN,253.5,253.5,1,        1435,       69503
2020-11-12 00:25:23.000000,sc2012,BUY,OPEN,253.5,253.5,1,        1436,       69506
2020-11-12 00:25:24.000000,sc2012,BUY,OPEN,253.5,253.5,1,        1437,       69510
2020-11-12 00:25:25.000000,sc2012,BUY,OPEN,253.5,253.5,1,        1438,       69515
2020-11-12 00:25:27.000000,sc2012,BUY,OPEN,253.5,253.5,1,        1439,       69520
2020-11-12 00:25:28.000000,sc2012,BUY,OPEN,253.5,253.5,1,        1440,       69523
2020-11-12 00:25:36.000000,sc2012,SELL,CLOSE,253.3,253.3,34,        1442,       69531
2020-11-12 09:06:13.000000,sc2012,BUY,OPEN,252.1,252.1,1,        2551,       79958
2020-11-12 09:06:16.000000,sc2012,BUY,OPEN,252.1,252.1,1,        2552,       80031
2020-11-12 09:06:18.000000,sc2012,BUY,OPEN,252.1,252.1,1,        2553,       80052
2020-11-12 09:07:22.000000,i2101,BUY,CLOSE,836.0,836.0,10,       56780,       80928
2020-11-12 09:07:25.000000,i2101,BUY,OPEN,836.5,836.5,1,       56789,       80944
2020-11-12 09:07:27.000000,i2101,BUY,OPEN,836.0,836.0,1,       56791,       80952
2020-11-12 09:07:29.000000,i2101,BUY,OPEN,836.5,836.5,1,       56796,       80964
2020-11-12 09:07:30.000000,i2101,BUY,OPEN,836.5,836.5,1,       56800,       80970
2020-11-12 09:07:30.000000,i2101,BUY,OPEN,836.5,836.5,1,       56804,       80976
2020-11-12 09:07:31.000000,i2101,SELL,CLOSE,836.0,836.0,1,       56814,       80989
2020-11-12 09:07:34.000000,i2101,SELL,CLOSE,836.0,836.0,1,       56837,       81012
2020-11-12 09:07:35.000000,i2101,SELL,CLOSE,836.0,836.0,1,       56843,       81022
2020-11-12 09:07:37.000000,i2101,SELL,CLOSE,836.0,836.0,1,       56850,       81039
2020-11-12 09:07:40.000000,i2101,SELL,CLOSE,836.0,836.0,1,       56871,       81069
2020-11-12 09:11:26.000000,i2101,SELL,OPEN,837.5,837.5,1,       58399,       83430
2020-11-12 09:11:28.000000,i2101,SELL,OPEN,837.5,837.5,1,       58411,       83448
2020-11-12 09:11:30.000000,i2101,SELL,OPEN,837.5,837.5,1,       58418,       83467
2020-11-12 09:11:32.000000,i2101,SELL,OPEN,837.5,837.5,1,       58430,       83485
2020-11-12 09:11:34.000000,i2101,SELL,OPEN,837.5,837.5,1,       58461,       83517
2020-11-12 09:11:39.000000,i2101,SELL,OPEN,837.5,837.5,1,       58491,       83547
2020-11-12 09:11:41.000000,i2101,SELL,OPEN,837.5,837.5,1,       58495,       83554
2020-11-12 09:13:42.000000,i2101,BUY,OPEN,836.5,836.5,1,       59188,       84566
2020-11-12 09:14:15.000000,i2101,BUY,OPEN,837.5,837.5,1,       59522,       85008
2020-11-12 09:14:31.000000,i2101,BUY,OPEN,838.0,838.0,1,       59567,       85091
2020-11-12 09:15:04.000000,i2101,BUY,CLOSE,838.5,838.5,1,       59713,       85341
2020-11-12 09:15:05.000000,i2101,BUY,CLOSE,838.5,838.5,1,       59730,       85364
2020-11-12 09:15:06.000000,i2101,BUY,CLOSE,838.5,838.5,1,       59764,       85411
2020-11-12 09:15:07.000000,i2101,BUY,CLOSE,838.5,838.5,1,       59791,       85437
2020-11-12 09:15:08.000000,i2101,BUY,CLOSE,838.5,838.5,1,       59809,       85500
2020-11-12 09:15:08.000000,i2101,BUY,CLOSE,838.5,838.5,1,       59863,       85511
2020-11-12 09:15:09.000000,i2101,BUY,CLOSE,838.5,838.5,1,       59906,       85555
2020-11-12 09:15:10.000000,i2101,SELL,CLOSE,838.0,838.0,1,       59931,       85577
2020-11-12 09:15:10.000000,i2101,SELL,CLOSE,838.0,838.0,1,       59949,       85594
2020-11-12 09:15:12.000000,i2101,SELL,CLOSE,838.0,838.0,1,       59966,       85614
2020-11-12 09:15:15.000000,i2101,BUY,OPEN,838.5,838.5,1,       59987,       85661
2020-11-12 09:15:18.000000,i2101,SELL,CLOSE,838.0,838.0,1,       60021,       85701
2020-11-12 09:15:20.000000,i2101,BUY,OPEN,838.5,838.5,1,       60036,       85722
2020-11-12 09:15:21.000000,i2101,SELL,CLOSE,838.0,838.0,1,       60042,       85727
2020-11-12 09:15:22.000000,i2101,SELL,OPEN,838.0,838.0,1,       60053,       85735
2020-11-12 09:15:24.000000,i2101,BUY,CLOSE,838.5,838.5,1,       60062,       85765
2020-11-12 09:15:25.000000,i2101,SELL,OPEN,838.0,838.0,1,       60063,       85771
2020-11-12 09:15:25.000000,i2101,SELL,OPEN,838.0,838.0,1,       60083,       85788
2020-11-12 09:15:26.000000,i2101,SELL,OPEN,838.0,838.0,1,       60086,       85796
2020-11-12 09:15:26.000000,i2101,SELL,OPEN,838.0,838.0,1,       60087,       85816
2020-11-12 09:15:26.000000,i2101,SELL,OPEN,838.0,838.0,1,       60088,       85822
2020-11-12 09:15:27.000000,i2101,SELL,OPEN,838.0,838.0,1,       60096,       85837
2020-11-12 09:15:27.000000,i2101,SELL,OPEN,838.0,838.0,1,       60098,       85840
2020-11-12 09:15:27.000000,i2101,SELL,OPEN,838.0,838.0,1,       60102,       85846
2020-11-12 09:15:33.000000,i2101,BUY,CLOSE,838.5,838.5,1,       60131,       85922
2020-11-12 09:15:34.000000,i2101,BUY,CLOSE,838.5,838.5,1,       60133,       85941
2020-11-12 09:15:36.000000,i2101,BUY,OPEN,838.5,838.5,1,       60144,       85949
2020-11-12 09:15:37.000000,i2101,BUY,CLOSE,838.5,838.5,1,       60150,       85960
2020-11-12 09:15:38.000000,i2101,BUY,CLOSE,838.5,838.5,1,       60155,       85966
2020-11-12 09:15:39.000000,i2101,SELL,OPEN,838.0,838.0,1,       60160,       85979
2020-11-12 09:15:39.000000,i2101,SELL,OPEN,838.0,838.0,1,       60165,       85982
2020-11-12 09:15:40.000000,i2101,SELL,OPEN,838.0,838.0,1,       60166,       85986
2020-11-12 09:15:41.000000,i2101,BUY,OPEN,838.5,838.5,1,       60169,       85992
2020-11-12 09:15:42.000000,i2101,BUY,OPEN,838.5,838.5,1,       60172,       86006
2020-11-12 09:15:42.000000,i2101,BUY,OPEN,838.5,838.5,1,       60173,       86017
2020-11-12 09:15:42.000000,i2101,BUY,OPEN,838.5,838.5,1,       60174,       86019
2020-11-12 09:15:42.000000,i2101,BUY,OPEN,838.5,838.5,1,       60175,       86021
2020-11-12 09:15:42.000000,i2101,BUY,OPEN,838.5,838.5,1,       60176,       86022
2020-11-12 09:15:43.000000,i2101,BUY,OPEN,838.5,838.5,1,       60178,       86023
2020-11-12 09:17:11.000000,sc2012,BUY,OPEN,253.1,253.1,3,        2624,       86860
2020-11-12 09:17:17.000000,sc2012,BUY,OPEN,253.1,253.1,3,        2625,       86886
2020-11-12 09:17:34.000000,sc2012,BUY,OPEN,253.1,253.1,3,        2628,       87065
